Player Name,Team Name,Batting_Rank,Batting Hand,Batting_Matches,Batting_Innings,Batting_Runs,Balls,Batting_Highest,N/O,Batting_Average,Batting_Strike_Rate,4s,6s,50s,100s,Bowling_Rank,Bowling Style,Bowling_Matches,Bowling_Innings,Overs,Bowling_Runs,Wickets,Bowling_Highest,Maidens,Bowling_Average,Econ,Bowling_Strike_Rate,Overs_Balls,Fielding_Rank,Fielding_Matches,Dismissal,Catches,Caught & Bowl,Caught Behind,Run Outs,Assist Run Outs,Stumpings,Batting_Highest_Score,Runs_Per_Ball,Runs_Per_Wicket,Fielding_Dismissals,Runs_Per_Match,Batting_Score,Bowling_Score,Fielding_Score,Overall_Score,Overall_Rank
Renoy R,Raging Rhinos,1.0,RHB,5.0,5.0,209.0,77.0,78*,3.0,104.5,271.43,6.0,23.0,2.0,0.0,14,Right-arm Leg Break,5,4,4.0,61,1,1,0,61.0,15.25,24.0,24.0,1.0,5.0,6.0,1.0,0.0,4.0,1.0,0.0,0.0,78,2.71,61.0,6.0,41.8,100.0,10.0,100.0,68.5,3
Jerry Jefferson,Night Hawks,2.0,RHB,5.0,5.0,156.0,63.0,50,2.0,52.0,247.62,1.0,17.0,1.0,0.0,4,Right-arm medium,5,4,4.0,34,2,1,1,17.0,8.5,12.0,24.0,5.0,5.0,2.0,1.0,0.0,0.0,1.0,0.0,0.0,50,2.48,17.0,2.0,31.2,94.74,80.0,80.95,87.51,1
Saravan,Bull Sharks,3.0,RHB,4.0,4.0,109.0,50.0,50,2.0,54.5,218.0,0.0,13.0,1.0,0.0,9,Slow left-arm orthodox,4,4,4.0,62,2,1,0,31.0,15.5,12.0,24.0,0.0,0.0,0.0,0.0,0.0,0.0,0.0,0.0,0.0,50,2.18,31.0,0.0,27.25,89.47,40.0,0.0,58.74,5
Jomon Joseph,Night Hawks,4.0,RHB,5.0,3.0,68.0,33.0,48*,1.0,34.0,206.06,1.0,8.0,0.0,0.0,16,Right-arm medium,5,3,3.0,28,0,0,0,0.0,9.33,0.0,18.0,2.0,5.0,4.0,4.0,0.0,0.0,0.0,0.0,0.0,48,2.06,,4.0,13.6,84.21,,95.24,56.39,6
Eby Jio,Raging Rhinos,5.0,-,5.0,5.0,56.0,42.0,24*,4.0,56.0,133.33,1.0,4.0,0.0,0.0,6,-,5,5,5.0,64,2,1,0,32.0,12.8,15.0,30.0,0.0,0.0,0.0,0.0,0.0,0.0,0.0,0.0,0.0,24,1.33,32.0,0.0,11.2,78.95,33.33,0.0,51.14,9
Roofas Clement,Raging Rhinos,6.0,RHB,5.0,3.0,52.0,26.0,32,0.0,17.33,200.0,2.0,6.0,0.0,0.0,3,Left-arm fast,5,4,4.0,40,3,1,0,13.33,10.0,8.0,24.0,6.0,5.0,2.0,2.0,0.0,0.0,0.0,0.0,0.0,32,2.0,13.33,2.0,10.4,71.05,86.67,80.95,78.0,2
Aneesh Cricket,Raging Rhinos,7.0,RHB,5.0,4.0,52.0,21.0,35,1.0,17.33,247.62,0.0,7.0,0.0,0.0,8,Right-arm medium,5,4,4.0,59,2,1,0,29.5,14.75,12.0,24.0,0.0,0.0,0.0,0.0,0.0,0.0,0.0,0.0,0.0,35,2.48,29.5,0.0,10.4,71.05,46.67,0.0,51.86,8
Aashish Ponnu,Night Hawks,8.0,RHB,5.0,3.0,45.0,26.0,43*,2.0,45.0,173.08,0.0,5.0,0.0,0.0,5,Right-arm medium,5,5,5.0,55,2,2,0,27.5,11.0,15.0,30.0,0.0,0.0,0.0,0.0,0.0,0.0,0.0,0.0,0.0,43,1.73,27.5,0.0,9.0,63.16,60.0,0.0,52.58,7
Agraj Mohan S,Bull Sharks,9.0,RHB,4.0,4.0,41.0,26.0,21*,1.0,13.67,157.69,0.0,5.0,0.0,0.0,19,Right-arm medium,4,4,4.0,58,0,0,0,0.0,14.5,0.0,24.0,0.0,0.0,0.0,0.0,0.0,0.0,0.0,0.0,0.0,21,1.58,,0.0,10.25,57.89,,0.0,28.94,14
Jijo Antony,Bull Sharks,10.0,RHB,4.0,3.0,29.0,27.0,19*,2.0,29.0,107.41,0.0,3.0,0.0,0.0,10,Right-arm fast,4,4,4.0,28,1,1,0,28.0,7.0,24.0,24.0,0.0,0.0,0.0,0.0,0.0,0.0,0.0,0.0,0.0,19,1.07,28.0,0.0,7.25,52.63,53.33,0.0,44.98,11
Jithin Antony,Night Hawks,11.0,RHB,5.0,3.0,28.0,19.0,17*,2.0,28.0,147.37,0.0,2.0,0.0,0.0,12,Right-arm medium,5,5,5.0,63,1,1,0,63.0,12.6,30.0,30.0,10.0,5.0,1.0,1.0,0.0,0.0,0.0,0.0,0.0,17,1.47,63.0,1.0,5.6,47.37,0.0,59.52,32.61,12
Sam Cricket,Bull Sharks,12.0,RHB,4.0,4.0,26.0,22.0,11,0.0,6.5,118.18,0.0,3.0,0.0,0.0,17,Right-arm medium,4,4,4.0,48,0,0,0,0.0,12.0,0.0,24.0,9.0,4.0,1.0,1.0,0.0,0.0,0.0,0.0,0.0,11,1.18,,1.0,6.5,42.11,,59.52,29.98,13
Amal Psc,Night Hawks,13.0,-,5.0,2.0,19.0,16.0,13*,1.0,19.0,118.75,1.0,1.0,0.0,0.0,1,-,5,5,5.0,48,4,1,0,12.0,9.6,7.5,30.0,11.0,5.0,1.0,1.0,0.0,0.0,0.0,0.0,0.0,13,1.19,12.0,1.0,3.8,36.84,93.33,59.52,60.01,4
Litto Tomy,Night Hawks,14.0,RHB,5.0,1.0,14.0,13.0,14,0.0,14.0,107.69,1.0,0.0,0.0,0.0,18,Right-arm Off Break,5,2,1.3,19,0,0,0,0.0,12.67,0.0,9.0,7.0,5.0,2.0,1.0,0.0,0.0,1.0,0.0,0.0,14,1.08,,2.0,2.8,31.58,,80.95,27.93,15
Gokul Sankar,Night Hawks,15.0,RHB,5.0,2.0,13.0,12.0,8*,1.0,13.0,108.33,0.0,1.0,0.0,0.0,2,Right-arm Leg Break,5,5,5.0,86,4,2,0,21.5,17.2,7.5,30.0,4.0,5.0,2.0,1.0,1.0,0.0,0.0,0.0,0.0,8,1.08,21.5,2.0,2.6,26.32,73.33,80.95,50.97,10
Abhishek Mohan,Bull Sharks,16.0,RHB,4.0,3.0,12.0,16.0,10*,2.0,12.0,75.0,0.0,1.0,0.0,0.0,13,Right-arm fast,4,4,4.0,59,1,1,0,59.0,14.75,24.0,24.0,8.0,4.0,1.0,1.0,0.0,0.0,0.0,0.0,0.0,10,0.75,59.0,1.0,3.0,21.05,20.0,59.52,26.45,16
Manu Ms,Raging Rhinos,17.0,RHB,5.0,3.0,9.0,7.0,6*,2.0,9.0,128.57,0.0,1.0,0.0,0.0,15,Right-arm fast,5,4,4.0,61,1,1,0,61.0,15.25,24.0,24.0,3.0,5.0,2.0,2.0,0.0,0.0,0.0,0.0,0.0,6,1.29,61.0,2.0,1.8,15.79,10.0,80.95,23.54,17
Abhin,Raging Rhinos,18.0,RHB,5.0,1.0,2.0,7.0,2,0.0,2.0,28.57,0.0,0.0,0.0,0.0,11,Right-arm medium,5,5,5.0,57,1,1,0,57.0,11.4,30.0,30.0,0.0,0.0,0.0,0.0,0.0,0.0,0.0,0.0,0.0,2,0.29,57.0,0.0,0.4,10.53,26.67,0.0,14.6,19
Arjun Sankar,Bull Sharks,19.0,RHB,4.0,1.0,1.0,3.0,1*,1.0,,33.33,0.0,0.0,0.0,0.0,21,Right-arm medium,4,1,0.4,17,0,0,0,0.0,25.5,0.0,4.0,0.0,0.0,0.0,0.0,0.0,0.0,0.0,0.0,0.0,1,0.33,,0.0,0.25,5.26,,0.0,2.63,20
Sanal Kumar S,Raging Rhinos,,,,,,,,,,,,,,,7,Right-arm fast,5,4,4.0,53,2,1,0,26.5,13.25,12.0,24.0,0.0,0.0,0.0,0.0,0.0,0.0,0.0,0.0,0.0,,,26.5,0.0,,,66.67,0.0,23.33,18
Ebin Cricket,Bull Sharks,,,,,,,,,,,,,,,20,-,4,3,3.0,47,0,0,0,0.0,15.67,0.0,18.0,0.0,0.0,0.0,0.0,0.0,0.0,0.0,0.0,0.0,,,,0.0,,,,0.0,0.0,21
